1,19,1901,,,1,SMAN 1 MAKASSAR,,,,0,0,-
2,19,1901,,,1,SMAN 2 MAKASSAR,,,,0,0,-
3,19,1901,,,1,SMAN 3 MAKASSAR,,,,0,0,-
4,19,1901,,,1,SMAN 4 MAKASSAR,,,,0,0,-
5,19,1901,,,1,SMAN 5 MAKASSAR,,,,0,0,-
6,19,1901,,,1,SMAN 6 MAKASSAR,,,,0,0,-
7,19,1901,,,1,SMAN 7 MAKASSAR,,,,0,0,
8,19,1901,,,1,SMAN 8 MAKASSAR,,,,0,0,-
9,19,1901,,,1,SMAN 9 MAKASSAR,,,,0,0,-
10,19,1901,,,1,SMAN 10 MAKASSAR,,,,0,0,-
11,19,1901,,,1,SMAN 11 MAKASSAR,,,,0,0,-
12,19,1901,,,1,SMAN 12 MAKASSAR,,,,0,0,-
13,19,1901,,,1,SMAN 13 MAKASSAR,,,,0,0,-
14,19,1901,,,1,SMAN 14 MAKASSAR,,,,0,0,-
15,19,1901,,,1,SMAN 15 MAKASSAR,,,,0,0,-
16,19,1901,,,1,SMAN 16 MAKASSAR,,,,0,0,-
17,19,1901,,,1,SMAN 17 MAKASSAR,,,,0,0,-
18,19,1901,,,1,SMAN 18 MAKASSAR,,,,0,0,-
19,19,1901,,,1,SMAN 19 MAKASSAR,,,,0,0,-
20,19,1901,,,1,SMAN 20 MAKASSAR,,,,0,0,-
21,19,1901,,,1,SMAN 21 MAKASSAR,,,,0,0,-
22,19,1902,,,1,SMAN 22 MAKASSAR,,,,0,0,-
23,19,1902,,,1,SMAN 1 PALOPO,,,,0,0,-
24,19,1902,,,1,SMAN 2 PALOPO,,,,0,0,-
25,19,1902,,,1,SMAN 3 PALOPO,,,,0,0,-
26,19,1902,,,1,SMAN 4 PALOPO,,,,0,0,-
27,19,1902,,,1,SMAN 5 PALOPO,,,,0,0,-
28,19,1902,,,1,SMAN 6 PALOPO,,,,0,0,-
29,19,1903,,,1,SMAN 1 PAREPARE,,,,0,0,-
30,19,1903,,,1,SMAN 2 PAREPARE,,,,0,0,-
31,19,1903,,,1,SMAN 3 PAREPARE,,,,0,0,-
32,19,1903,,,1,SMAN 4 PAREPARE,,,,0,0,-
33,19,1903,,,1,SMAN 5 PAREPARE,,,,0,0,-
34,19,1904,,,1,SMAN 1 MAROS,,,,0,0,-
35,19,1904,,,1,SMAN 2 MAROS,,,,0,0,-
36,19,1904,,,1,SMAN 3 MAROS,,,,0,0,-
37,19,1904,,,1,SMAN 4 MAROS,,,,0,0,-
38,19,1904,,,1,SMAN 5 MAROS,,,,0,0,-
39,19,1904,,,1,SMAN 6 MAROS,,,,0,0,-
40,19,1904,,,1,SMAN 7 MAROS,,,,0,0,-
41,19,1904,,,1,SMAN 8 MAROS,,,,0,0,-
42,19,1904,,,1,SMAN 9 MAROS,,,,0,0,-
43,19,1904,,,1,SMAN 10 MAROS,,,,0,0,-
44,19,1904,,,1,SMAN 11 MAROS,,,,0,0,-
45,19,1904,,,1,SMAN 12 MAROS,,,,0,0,-
46,19,1904,,,1,SMAN 13 MAROS,,,,0,0,-
47,19,1904,,,1,SMAN 14 MAROS,,,,0,0,-
48,19,1905,,,1,SMAN 1 PANGKEP ,,,,0,0,-
49,19,1905,,,1,SMAN 2 PANGKEP ,,,,0,0,-
50,19,1905,,,1,SMAN 3 PANGKEP ,,,,0,0,-
51,19,1905,,,1,SMAN 4 PANGKEP ,,,,0,0,-
52,19,1905,,,1,SMAN 5 PANGKEP ,,,,0,0,-
53,19,1905,,,1,SMAN 6 PANGKEP ,,,,0,0,-
54,19,1905,,,1,SMAN 7 PANGKEP ,,,,0,0,-
55,19,1905,,,1,SMAN 8 PANGKEP ,,,,0,0,-
56,19,1905,,,1,SMAN 9 PANGKEP ,,,,0,0,-
57,19,1905,,,1,SMAN 10 PANGKEP ,,,,0,0,-
58,19,1905,,,1,SMAN 11 PANGKEP ,,,,0,0,-
59,19,1905,,,1,SMAN 12 PANGKEP ,,,,0,0,-
60,19,1905,,,1,SMAN 13 PANGKEP ,,,,0,0,-
61,19,1905,,,1,SMAN 14 PANGKEP ,,,,0,0,-
62,19,1905,,,1,SMAN 15 PANGKEP ,,,,0,0,-
63,19,1905,,,1,SMAN 16 PANGKEP ,,,,0,0,-
64,19,1905,,,1,SMAN 17 PANGKEP ,,,,0,0,-
65,19,1905,,,1,SMAN 18 PANGKEP ,,,,0,0,-
66,19,1905,,,1,SMAN 19 PANGKEP ,,,,0,0,-
67,19,1905,,,1,SMAN 20 PANGKEP ,,,,0,0,-
68,19,1906,,,1,SMAN 1 GOWA ,,,,0,0,-
69,19,1906,,,1,SMAN 2 GOWA ,,,,0,0,-
70,19,1906,,,1,SMAN 3 GOWA ,,,,0,0,-
71,19,1906,,,1,SMAN 4 GOWA ,,,,0,0,-
72,19,1906,,,1,SMAN 5 GOWA ,,,,0,0,-
73,19,1906,,,1,SMAN 6 GOWA ,,,,0,0,-
74,19,1906,,,1,SMAN 7 GOWA ,,,,0,0,-
75,19,1906,,,1,SMAN 8 GOWA ,,,,0,0,-
76,19,1906,,,1,SMAN 9 GOWA ,,,,0,0,-
77,19,1906,,,1,SMAN 10 GOWA ,,,,0,0,-
78,19,1906,,,1,SMAN 11 GOWA ,,,,0,0,-
79,19,1906,,,1,SMAN 12 GOWA ,,,,0,0,-
80,19,1906,,,1,SMAN 13 GOWA ,,,,0,0,-
81,19,1906,,,1,SMAN 14 GOWA ,,,,0,0,-
82,19,1906,,,1,SMAN 15 GOWA ,,,,0,0,-
83,19,1906,,,1,SMAN 16 GOWA ,,,,0,0,-
84,19,1906,,,1,SMAN 17 GOWA ,,,,0,0,-
85,19,1906,,,1,SMAN 18 GOWA ,,,,0,0,-
86,19,1906,,,1,SMAN 19 GOWA ,,,,0,0,-
87,19,1906,,,1,SMAN 20 GOWA ,,,,0,0,-
88,19,1906,,,1,SMAN 21 GOWA ,,,,0,0,-
89,19,1907,,,1,SMAN 1 TAKALAR,,,,0,0,-
90,19,1907,,,1,SMAN 2 TAKALAR ,,,,0,0,-
91,19,1907,,,1,SMAN 3 TAKALAR ,,,,0,0,-
92,19,1907,,,1,SMAN 4 TAKALAR ,,,,0,0,-
93,19,1907,,,1,SMAN 5 TAKALAR ,,,,0,0,-
94,19,1907,,,1,SMAN 6 TAKALAR ,,,,0,0,-
95,19,1907,,,1,SMAN 7 TAKALAR ,,,,0,0,-
96,19,1907,,,1,SMAN 8 TAKALAR ,,,,0,0,-
97,19,1907,,,1,SMAN 9 TAKALAR ,,,,0,0,-
98,19,1907,,,1,SMAN 10 TAKALAR ,,,,0,0,-
99,19,1907,,,1,SMAN 11 TAKALAR ,,,,0,0,-
100,19,1907,,,1,SMAN 12 TAKALAR ,,,,0,0,-
101,19,1907,,,1,SMAN 13 TAKALAR ,,,,0,0,-
102,19,1908,,,1,SMAN 1 JENEPONTO,,,,0,0,-
103,19,1908,,,1,SMAN 2 JENEPONTO,,,,0,0,-
104,19,1908,,,1,SMAN 3 JENEPONTO,,,,0,0,-
105,19,1908,,,1,SMAN 4 JENEPONTO,,,,0,0,-
106,19,1908,,,1,SMAN 5 JENEPONTO,,,,0,0,-
107,19,1908,,,1,SMAN 6 JENEPONTO,,,,0,0,-
108,19,1908,,,1,SMAN 7 JENEPONTO,,,,0,0,-
109,19,1908,,,1,SMAN 8 JENEPONTO,,,,0,0,-
110,19,1908,,,1,SMAN 9 JENEPONTO,,,,0,0,-
111,19,1908,,,1,SMAN 10 JENEPONTO,,,,0,0,-
112,19,1908,,,1,SMAN 11 JENEPONTO,,,,0,0,-
113,19,1908,,,1,SMAN 12 JENEPONTO,,,,0,0,-
114,19,1908,,,1,SMAN 13 JENEPONTO,,,,0,0,-
115,19,1908,,,1,SMAN 14 JENEPONTO,,,,0,0,-
116,19,1909,,,1,SMAN 1 BARRU,,,,0,0,-
117,19,1909,,,1,SMAN 2 BARRU,,,,0,0,-
118,19,1909,,,1,SMAN 3 BARRU,,,,0,0,-
119,19,1909,,,1,SMAN 4 BARRU,,,,0,0,-
120,19,1909,,,1,SMAN 5 BARRU,,,,0,0,-
121,19,1909,,,1,SMAN 6 BARRU,,,,0,0,-
122,19,1910,,,1,SMAN 1 BONE ,,,,0,0,-
123,19,1910,,,1,SMAN 2 BONE ,,,,0,0,-
124,19,1910,,,1,SMAN 3 BONE ,,,,0,0,-
125,19,1910,,,1,SMAN 4 BONE ,,,,0,0,-
126,19,1910,,,1,SMAN 5 BONE ,,,,0,0,-
127,19,1910,,,1,SMAN 6 BONE ,,,,0,0,-
128,19,1910,,,1,SMAN 7 BONE ,,,,0,0,-
129,19,1910,,,1,SMAN 8 BONE ,,,,0,0,-
130,19,1910,,,1,SMAN 9 BONE ,,,,0,0,-
131,19,1910,,,1,SMAN 10 BONE ,,,,0,0,-
132,19,1910,,,1,SMAN 11 BONE ,,,,0,0,-
133,19,1910,,,1,SMAN 12 BONE ,,,,0,0,-
134,19,1910,,,1,SMAN 13 BONE ,,,,0,0,-
135,19,1910,,,1,SMAN 14 BONE ,,,,0,0,-
136,19,1910,,,1,SMAN 15 BONE ,,,,0,0,-
137,19,1910,,,1,SMAN 16 BONE ,,,,0,0,-
138,19,1910,,,1,SMAN 17 BONE ,,,,0,0,-
139,19,1910,,,1,SMAN 18 BONE ,,,,0,0,-
140,19,1910,,,1,SMAN 19 BONE ,,,,0,0,-
141,19,1910,,,1,SMAN 20 BONE ,,,,0,0,-
142,19,1910,,,1,SMAN 21 BONE ,,,,0,0,-
143,19,1910,,,1,SMAN 22 BONE ,,,,0,0,-
144,19,1910,,,1,SMAN 23 BONE ,,,,0,0,-
145,19,1910,,,1,SMAN 24 BONE ,,,,0,0,-
146,19,1910,,,1,SMAN 25 BONE ,,,,0,0,-
147,19,1910,,,1,SMAN 26 BONE ,,,,0,0,-
148,19,1910,,,1,SMAN 27 BONE ,,,,0,0,-
149,19,1910,,,1,SMAN 28 BONE ,,,,0,0,-
150,19,1910,,,1,SMAN 29 BONE ,,,,0,0,-
151,19,1910,,,1,SMAN 30 BONE ,,,,0,0,-
152,19,1911,,,1,SMAN 1 WAJO,,,,0,0,-
153,19,1911,,,1,SMAN 2 WAJO,,,,0,0,-
154,19,1911,,,1,SMAN 3 WAJO,,,,0,0,-
155,19,1911,,,1,SMAN 4 WAJO,,,,0,0,-
156,19,1911,,,1,SMAN 5 WAJO,,,,0,0,-
157,19,1911,,,1,SMAN 6 WAJO,,,,0,0,-
158,19,1911,,,1,SMAN 7 WAJO,,,,0,0,-
159,19,1911,,,1,SMAN 8 WAJO,,,,0,0,-
160,19,1911,,,1,SMAN 9 WAJO,,,,0,0,-
161,19,1911,,,1,SMAN 10 WAJO,,,,0,0,-
162,19,1911,,,1,SMAN 11 WAJO,,,,0,0,-
163,19,1911,,,1,SMAN 12 WAJO,,,,0,0,-
164,19,1911,,,1,SMAN 13 WAJO,,,,0,0,-
165,19,1911,,,1,SMAN 14 WAJO,,,,0,0,-
166,19,1911,,,1,SMAN 15 WAJO,,,,0,0,-
167,19,1912,,,1,SMAN 1 SOPPENG,,,,0,0,-
168,19,1912,,,1,SMAN 2 SOPPENG,,,,0,0,-
169,19,1912,,,1,SMAN 3 SOPPENG,,,,0,0,-
170,19,1912,,,1,SMAN 4 SOPPENG,,,,0,0,-
171,19,1912,,,1,SMAN 5 SOPPENG,,,,0,0,-
172,19,1912,,,1,SMAN 6 SOPPENG,,,,0,0,-
173,19,1912,,,1,SMAN 7 SOPPENG,,,,0,0,-
174,19,1912,,,1,SMAN 8 SOPPENG,,,,0,0,-
175,19,1913,,,1,SMAN 1 BANTAENG,,,,0,0,-
176,19,1913,,,1,SMAN 2 BANTAENG,,,,0,0,-
177,19,1913,,,1,SMAN 3 BANTAENG,,,,0,0,-
178,19,1913,,,1,SMAN 4 BANTAENG,,,,0,0,-
179,19,1913,,,1,SMAN 5 BANTAENG,,,,0,0,-
180,19,1913,,,1,SMAN 6 BANTAENG,,,,0,0,-
181,19,1914,,,1,SMAN 1 BULUKUMBA,,,,0,0,-
182,19,1914,,,1,SMAN 2 BULUKUMBA,,,,0,0,-
183,19,1914,,,1,SMAN 3 BULUKUMBA,,,,0,0,-
184,19,1914,,,1,SMAN 4 BULUKUMBA,,,,0,0,-
185,19,1914,,,1,SMAN 5 BULUKUMBA,,,,0,0,-
186,19,1914,,,1,SMAN 6 BULUKUMBA,,,,0,0,-
187,19,1914,,,1,SMAN 7 BULUKUMBA,,,,0,0,-
188,19,1914,,,1,SMAN 8 BULUKUMBA,,,,0,0,-
189,19,1914,,,1,SMAN 9 BULUKUMBA,,,,0,0,-
190,19,1914,,,1,SMAN 10 BULUKUMBA,,,,0,0,-
191,19,1914,,,1,SMAN 11 BULUKUMBA,,,,0,0,-
192,19,1914,,,1,SMAN 12 BULUKUMBA,,,,0,0,-
193,19,1914,,,1,SMAN 13 BULUKUMBA,,,,0,0,-
194,19,1914,,,1,SMAN 14 BULUKUMBA,,,,0,0,-
195,19,1914,,,1,SMAN 15 BULUKUMBA,,,,0,0,-
196,19,1914,,,1,SMAN 16 BULUKUMBA,,,,0,0,-
197,19,1914,,,1,SMAN 17 BULUKUMBA,,,,0,0,-
198,19,1914,,,1,SMAN 18 BULUKUMBA,,,,0,0,-
199,19,1914,,,1,SMAN 19 BULUKUMBA,,,,0,0,-
200,19,1915,,,1,SMAN 1 SINJAI,,,,0,0,-
201,19,1915,,,1,SMAN 2 SINJAI,,,,0,0,-
202,19,1915,,,1,SMAN 3 SINJAI,,,,0,0,-
203,19,1915,,,1,SMAN 4 SINJAI,,,,0,0,-
204,19,1915,,,1,SMAN 5 SINJAI,,,,0,0,-
205,19,1915,,,1,SMAN 6 SINJAI,,,,0,0,-
206,19,1915,,,1,SMAN 7 SINJAI,,,,0,0,-
207,19,1915,,,1,SMAN 8 SINJAI,,,,0,0,-
208,19,1915,,,1,SMAN 9 SINJAI,,,,0,0,-
209,19,1915,,,1,SMAN 10 SINJAI,,,,0,0,-
210,19,1915,,,1,SMAN 11 SINJAI,,,,0,0,-
211,19,1915,,,1,SMAN 12 SINJAI,,,,0,0,-
212,19,1915,,,1,SMAN 13 SINJAI,,,,0,0,-
213,19,1915,,,1,SMAN 14 SINJAI,,,,0,0,-
214,19,1916,,,1,SMAN 1 KEP. SELAYAR,,,,0,0,-
215,19,1916,,,1,SMAN 2 KEP. SELAYAR,,,,0,0,-
216,19,1916,,,1,SMAN 3 KEP. SELAYAR,,,,0,0,-
217,19,1916,,,1,SMAN 4 KEP. SELAYAR,,,,0,0,-
218,19,1916,,,1,SMAN 5 KEP. SELAYAR,,,,0,0,-
219,19,1916,,,1,SMAN 6 KEP. SELAYAR,,,,0,0,-
220,19,1916,,,1,SMAN 7 KEP. SELAYAR,,,,0,0,-
221,19,1916,,,1,SMAN 8 KEP. SELAYAR,,,,0,0,-
222,19,1916,,,1,SMAN 9 KEP. SELAYAR,,,,0,0,-
223,19,1917,,,1,SMAN 1 PINRANG,,,,0,0,-
224,19,1917,,,1,SMAN 2 PINRANG,,,,0,0,-
225,19,1917,,,1,SMAN 3 PINRANG,,,,0,0,-
226,19,1917,,,1,SMAN 4 PINRANG,,,,0,0,-
227,19,1917,,,1,SMAN 5 PINRANG,,,,0,0,-
228,19,1917,,,1,SMAN 6 PINRANG,,,,0,0,-
229,19,1917,,,1,SMAN 7 PINRANG,,,,0,0,-
230,19,1917,,,1,SMAN 8 PINRANG,,,,0,0,-
231,19,1917,,,1,SMAN 9 PINRANG,,,,0,0,-
232,19,1917,,,1,SMAN 10 PINRANG,,,,0,0,-
233,19,1917,,,1,SMAN 11 PINRANG,,,,0,0,-
234,19,1918,,,1,SMAN 1 SIDRAP,,,,0,0,-
235,19,1918,,,1,SMAN 2 SIDRAP,,,,0,0,-
236,19,1918,,,1,SMAN 3 SIDRAP,,,,0,0,-
237,19,1918,,,1,SMAN 4 SIDRAP,,,,0,0,-
238,19,1918,,,1,SMAN 5 SIDRAP,,,,0,0,-
239,19,1918,,,1,SMAN 6 SIDRAP,,,,0,0,-
240,19,1918,,,1,SMAN 7 SIDRAP,,,,0,0,-
241,19,1918,,,1,SMAN 8 SIDRAP,,,,0,0,-
242,19,1918,,,1,SMAN 9 SIDRAP,,,,0,0,-
243,19,1918,,,1,SMAN 10 SIDRAP,,,,0,0,-
244,19,1918,,,1,SMAN 11 SIDRAP,,,,0,0,-
245,19,1919,,,1,SMAN 1 ENREKANG,,,,0,0,-
246,19,1919,,,1,SMAN 2 ENREKANG,,,,0,0,-
247,19,1919,,,1,SMAN 3 ENREKANG,,,,0,0,-
248,19,1919,,,1,SMAN 4 ENREKANG,,,,0,0,-
249,19,1919,,,1,SMAN 5 ENREKANG,,,,0,0,-
250,19,1919,,,1,SMAN 6 ENREKANG,,,,0,0,-
251,19,1919,,,1,SMAN 7 ENREKANG,,,,0,0,-
252,19,1919,,,1,SMAN 8 ENREKANG,,,,0,0,-
253,19,1919,,,1,SMAN 9 ENREKANG,,,,0,0,-
254,19,1919,,,1,SMAN 10 ENREKANG,,,,0,0,-
255,19,1919,,,1,SMAN 11 ENREKANG,,,,0,0,-
256,19,1919,,,1,SMAN 12 ENREKANG,,,,0,0,-
257,19,1920,,,1,SMAN 1 LUWU,,,,0,0,-
258,19,1920,,,1,SMAN 2 LUWU,,,,0,0,-
259,19,1920,,,1,SMAN 3 LUWU,,,,0,0,-
260,19,1920,,,1,SMAN 4 LUWU,,,,0,0,-
261,19,1920,,,1,SMAN 5 LUWU,,,,0,0,-
262,19,1920,,,1,SMAN 6 LUWU,,,,0,0,-
263,19,1920,,,1,SMAN 7 LUWU,,,,0,0,-
264,19,1920,,,1,SMAN 8 LUWU,,,,0,0,-
265,19,1920,,,1,SMAN 9 LUWU,,,,0,0,-
266,19,1920,,,1,SMAN 10 LUWU,,,,0,0,-
267,19,1920,,,1,SMAN 11 LUWU,,,,0,0,-
268,19,1920,,,1,SMAN 12 LUWU,,,,0,0,-
269,19,1920,,,1,SMAN 13 LUWU,,,,0,0,-
270,19,1920,,,1,SMAN 14 LUWU,,,,0,0,-
271,19,1920,,,1,SMAN 15 LUWU,,,,0,0,-
272,19,1920,,,1,SMAN 16 LUWU,,,,0,0,-
273,19,1920,,,1,SMAN 17 LUWU,,,,0,0,-
274,19,1920,,,1,SMAN 18 LUWU,,,,0,0,-
275,19,1920,,,1,SMAN 19 LUWU,,,,0,0,-
276,19,1921,,,1,SMAN 1 LUWU UTARA,,,,0,0,-
277,19,1921,,,1,SMAN 2 LUWU UTARA,,,,0,0,-
278,19,1921,,,1,SMAN 3 LUWU UTARA,,,,0,0,-
279,19,1921,,,1,SMAN 4 LUWU UTARA,,,,0,0,-
280,19,1921,,,1,SMAN 5 LUWU UTARA,,,,0,0,-
281,19,1921,,,1,SMAN 6 LUWU UTARA,,,,0,0,-
282,19,1921,,,1,SMAN 7 LUWU UTARA,,,,0,0,-
283,19,1921,,,1,SMAN 8 LUWU UTARA,,,,0,0,-
284,19,1921,,,1,SMAN 9 LUWU UTARA,,,,0,0,-
285,19,1921,,,1,SMAN 10 LUWU UTARA,,,,0,0,-
286,19,1921,,,1,SMAN 11 LUWU UTARA,,,,0,0,-
287,19,1921,,,1,SMAN 12 LUWU UTARA,,,,0,0,-
288,19,1921,,,1,SMAN 13 LUWU UTARA,,,,0,0,-
289,19,1921,,,1,SMAN 14 LUWU UTARA,,,,0,0,-
290,19,1921,,,1,SMAN 15 LUWU UTARA,,,,0,0,-
291,19,1921,,,1,SMAN 16 LUWU UTARA,,,,0,0,-
292,19,1921,,,1,SMAN 17 LUWU UTARA,,,,0,0,-
293,19,1921,,,1,SMAN 18 LUWU UTARA,,,,0,0,-
294,19,1921,,,1,SMAN 19 LUWU UTARA,,,,0,0,-
295,19,1922,,,1,SMAN 1 TANA TORAJA,,,,0,0,-
296,19,1922,,,1,SMAN 2 TANA TORAJA,,,,0,0,-
297,19,1922,,,1,SMAN 3 TANA TORAJA,,,,0,0,-
298,19,1922,,,1,SMAN 4 TANA TORAJA,,,,0,0,-
299,19,1922,,,1,SMAN 6 TANA TORAJA,,,,0,0,-
300,19,1922,,,1,SMAN 7 TANA TORAJA,,,,0,0,-
301,19,1922,,,1,SMAN 8 TANA TORAJA,,,,0,0,-
302,19,1922,,,1,SMAN 9 TANA TORAJA,,,,0,0,-
303,19,1922,,,1,SMAN 10 TANA TORAJA,,,,0,0,-
304,19,1922,,,1,SMAN 11 TANA TORAJA,,,,0,0,-
305,19,1922,,,1,SMAN 12 TANA TORAJA,,,,0,0,-
306,19,1922,,,1,SMAN 13 TANA TORAJA,,,,0,0,-
307,19,1922,,,1,SMAN 14 TANA TORAJA,,,,0,0,-
308,19,1923,,,1,SMAN 1 LUWU TIMUR,,,,0,0,-
309,19,1923,,,1,SMAN 2 LUWU TIMUR,,,,0,0,-
310,19,1923,,,1,SMAN 3 LUWU TIMUR,,,,0,0,-
311,19,1923,,,1,SMAN 4 LUWU TIMUR,,,,0,0,-
312,19,1923,,,1,SMAN 5 LUWU TIMUR,,,,0,0,-
313,19,1923,,,1,SMAN 6 LUWU TIMUR,,,,0,0,-
314,19,1923,,,1,SMAN 7 LUWU TIMUR,,,,0,0,-
315,19,1923,,,1,SMAN 8 LUWU TIMUR,,,,0,0,-
316,19,1923,,,1,SMAN 9 LUWU TIMUR,,,,0,0,-
317,19,1923,,,1,SMAN 10 LUWU TIMUR,,,,0,0,-
318,19,1923,,,1,SMAN 11  LUWU TIMUR,,,,0,0,-
319,19,1923,,,1,SMAN 12 LUWU TIMUR,,,,0,0,-
320,19,1923,,,1,SMAN 13 LUWU TIMUR,,,,0,0,-
321,19,1924,,,1,SMAN 1 TORAJA UTARA,,,,0,0,-
322,19,1924,,,1,SMAN 2 TORAJA UTARA,,,,0,0,-
323,19,1924,,,1,SMAN 3 TORAJA UTARA,,,,0,0,-
324,19,1924,,,1,SMAN 4 TORAJA UTARA,,,,0,0,-
325,19,1924,,,1,SMAN 5 TORAJA UTARA,,,,0,0,-
326,19,1924,,,1,SMAN 6 TORAJA UTARA,,,,0,0,-
327,19,1924,,,1,SMAN 7 TORAJA UTARA,,,,0,0,-
328,19,1924,,,1,SMAN 8 TORAJA UTARA,,,,0,0,-
329,19,1924,,,1,SMAN 9 TORAJA UTARA,,,,0,0,-
330,19,1901,,,2,SMKN 1 MAKASSAR,,,,0,0,-
331,19,1901,,,2,SMKN 2 MAKASSAR,,,,0,0,-
332,19,1901,,,2,SMKN 3 MAKASSAR,,,,0,0,-
333,19,1901,,,2,SMKN 4 MAKASSAR,,,,0,0,-
334,19,1901,,,2,SMKN 5 MAKASSAR,,,,0,0,-
335,19,1901,,,2,SMKN 6 MAKASSAR,,,,0,0,-
336,19,1901,,,2,SMKN 7 MAKASSAR,,,,0,0,-
337,19,1901,,,2,SMKN 8 MAKASSAR,,,,0,0,-
338,19,1901,,,2,SMKN 9 MAKASSAR,,,,0,0,-
339,19,1901,,,2,SMKN 10 MAKASSAR,,,,0,0,-
340,19,1902,,,2,SMKN 1 PALOPO,,,,0,0,-
341,19,1902,,,2,SMKN 2 PALOPO,,,,0,0,-
342,19,1902,,,2,SMKN 3 PALOPO,,,,0,0,-
343,19,1902,,,2,SMKN 4 PALOPO,,,,0,0,-
344,19,1902,,,2,SMKN 5 PALOPO,,,,0,0,-
345,19,1902,,,2,SMKN 6 PALOPO,,,,0,0,-
346,19,1902,,,2,SMKN 7 PALOPO,,,,0,0,-
347,19,1903,,,2,SMKN 1 PAREPARE,,,,0,0,-
348,19,1903,,,2,SMKN 2 PAREPERE,,,,0,0,-
349,19,1903,,,2,SMKN 3 PAREPARE,,,,0,0,-
350,19,1904,,,2,SMKN 1 MAROS,,,,0,0,-
351,19,1904,,,2,SMKN 2 MAROS,,,,0,0,-
352,19,1905,,,2,SMKN 1 PANGKEP,,,,0,0,-
353,19,1905,,,2,SMKN 2 PANGKEP,,,,0,0,-
354,19,1905,,,2,SMKN 3 PANGKEP,,,,0,0,-
355,19,1905,,,2,SMKN 4 PANGKEP,,,,0,0,-
356,19,1905,,,2,SMKN 5 PANGKEP,,,,0,0,-
357,19,1905,,,2,SMKN 6 PANGKEP,,,,0,0,-
358,19,1905,,,2,SMKN 7 PANGKEP,,,,0,0,-
359,19,1905,,,2,SMKN 8 PANGKEP,,,,0,0,-
360,19,1905,,,2,SMKN 9 PANGKEP,,,,0,0,-
361,19,1906,,,2,SMKN 1 GOWA,,,,0,0,-
362,19,1906,,,2,SMKN 2 GOWA,,,,0,0,-
363,19,1906,,,2,SMKN 3 GOWA,,,,0,0,-
364,19,1906,,,2,SMKN 4 GOWA,,,,0,0,-
365,19,1906,,,2,SMKN 5 GOWA,,,,0,0,-
366,19,1907,,,2,SMKN 1 TAKALAR,,,,0,0,-
367,19,1907,,,2,SMKN 2 TAKALAR,,,,0,0,-
368,19,1907,,,2,SMKN 3 TAKALAR,,,,0,0,-
369,19,1907,,,2,SMKN 4 TAKALAR,,,,0,0,-
370,19,1907,,,2,SMKN 5 TAKALAR,,,,0,0,-
371,19,1907,,,2,SMKN 6 TAKALAR,,,,0,0,-
372,19,1907,,,2,SMKN 7 TAKALAR,,,,0,0,-
373,19,1908,,,2,SMKN 1 JENEPONTO,,,,0,0,-
374,19,1908,,,2,SMKN 2 JENEPONTO,,,,0,0,-
375,19,1908,,,2,SMKN 3 JENEPONTO,,,,0,0,-
376,19,1908,,,2,SMKN 4 JENEPONTO,,,,0,0,-
377,19,1908,,,2,SMKN 5 JENEPONTO,,,,0,0,-
378,19,1908,,,2,SMKN 6 JENEPONTO,,,,0,0,-
379,19,1908,,,2,SMKN 7 JENEPONTO,,,,0,0,-
380,19,1908,,,2,SMKN 8 JENEPONTO,,,,0,0,-
381,19,1908,,,2,SMKN 9 JENEPONTO,,,,0,0,-
382,19,1908,,,2,SMKN 10 JENEPONTO,,,,0,0,-
383,19,1909,,,2,SMKN 1 BARRU,,,,0,0,-
384,19,1909,,,2,SMKN 2 BARRU,,,,0,0,-
385,19,1909,,,2,SMKN 3 BARRU,,,,0,0,-
386,19,1909,,,2,SMKN 4 BARRU,,,,0,0,-
387,19,1909,,,2,SMKN 5 BARRU,,,,0,0,-
388,19,1910,,,2,SMKN 1 BONE,,,,0,0,-
389,19,1910,,,2,SMKN 2 BONE,,,,0,0,-
390,19,1910,,,2,SMKN 3 BONE,,,,0,0,-
391,19,1910,,,2,SMKN 4 BONE,,,,0,0,-
392,19,1910,,,2,SMKN 5 BONE,,,,0,0,-
393,19,1910,,,2,SMKN 6 BONE,,,,0,0,-
394,19,1910,,,2,SMKN 7 BONE,,,,0,0,-
395,19,1910,,,2,SMKN 8 BONE,,,,0,0,-
396,19,1910,,,2,SMKN 9 BONE,,,,0,0,-
397,19,1910,,,2,SMKN 10 BONE,,,,0,0,-
398,19,1911,,,2,SMKN 1 WAJO,,,,0,0,-
399,19,1911,,,2,SMKN 2 WAJO,,,,0,0,-
400,19,1911,,,2,SMKN 3 WAJO,,,,0,0,-
401,19,1911,,,2,SMKN 4 WAJO,,,,0,0,-
402,19,1911,,,2,SMKN 5 WAJO,,,,0,0,-
403,19,1911,,,2,SMKN 6 WAJO,,,,0,0,-
404,19,1911,,,2,SMKN 7 WAJO,,,,0,0,-
405,19,1911,,,2,SMKN 8 WAJO,,,,0,0,-
406,19,1911,,,2,SMKN 9 WAJO,,,,0,0,-
407,19,1912,,,2,SMKN 1 SOPPENG,,,,0,0,-
408,19,1912,,,2,SMKN 2 SOPPENG,,,,0,0,-
409,19,1912,,,2,SMKN 3 SOPPENG,,,,0,0,-
410,19,1912,,,2,SMKN 4 SOPPENG,,,,0,0,-
411,19,1912,,,2,SMKN 5 SOPPENG,,,,0,0,-
412,19,1913,,,2,SMKN 1 BANTAENG,,,,0,0,-
413,19,1913,,,2,SMKN 2 BANTAENG,,,,0,0,-
414,19,1913,,,2,SMKN 3 BANTAENG,,,,0,0,-
415,19,1913,,,2,SMKN 4 BANTAENG,,,,0,0,-
416,19,1913,,,2,SMKN 5 BANTAENG,,,,0,0,-
417,19,1914,,,2,SMKN 1 BULUKUMBA,,,,0,0,-
418,19,1914,,,2,SMKN 2 BULUKUMBA,,,,0,0,-
419,19,1914,,,2,SMKN 3 BULUKUMBA,,,,0,0,-
420,19,1914,,,2,SMKN 4 BULUKUMBA,,,,0,0,-
421,19,1914,,,2,SMKN 5 BULUKUMBA,,,,0,0,-
422,19,1914,,,2,SMKN 6 BULUKUMBA,,,,0,0,-
423,19,1914,,,2,SMKN 7 BULUKUMBA,,,,0,0,-
424,19,1914,,,2,SMKN 8 BULUKUMBA,,,,0,0,-
425,19,1914,,,2,SMKN 9 BULUKUMBA,,,,0,0,-
426,19,1914,,,2,SMKN 10 BULUKUMBA,,,,0,0,-
427,19,1914,,,2,SMKN 11 BULUKUMBA,,,,0,0,-
428,19,1915,,,2,SMKN 1 SINJAI,,,,0,0,-
429,19,1915,,,2,SMKN 2 SINJAI,,,,0,0,-
430,19,1915,,,2,SMKN 3 SINJAI,,,,0,0,-
431,19,1915,,,2,SMKN 4 SINJAI,,,,0,0,-
432,19,1916,,,2,SMKN 1 SELAYAR,,,,0,0,-
433,19,1916,,,2,SMKN 2 SELAYAR,,,,0,0,-
434,19,1916,,,2,SMKN 3 SELAYAR,,,,0,0,-
435,19,1916,,,2,SMKN 4 SELAYAR,,,,0,0,-
436,19,1916,,,2,SMKN 5 SELAYAR,,,,0,0,-
437,19,1916,,,2,SMKN 6 SELAYAR,,,,0,0,-
438,19,1916,,,2,SMKN 7 SELAYAR,,,,0,0,-
439,19,1916,,,2,SMKN 8 SELAYAR,,,,0,0,-
440,19,1917,,,2,SMKN 1 PINRANG,,,,0,0,-
441,19,1917,,,2,SMKN 2 PINRANG,,,,0,0,-
442,19,1917,,,2,SMKN 3 PINRANG,,,,0,0,-
443,19,1917,,,2,SMKN 4 PINRANG,,,,0,0,-
444,19,1917,,,2,SMKN 5 PINRANG,,,,0,0,-
445,19,1917,,,2,SMKN 6 PINRANG,,,,0,0,-
446,19,1917,,,2,SMKN 7 PINRANG,,,,0,0,-
447,19,1917,,,2,SMKN 8 PINRANG,,,,0,0,-
448,19,1917,,,2,SMKN 9 PINRANG,,,,0,0,-
449,19,1917,,,2,SMKN 10 PINRANG,,,,0,0,-
450,19,1918,,,2,SMKN 1 SIDRAP,,,,0,0,-
451,19,1918,,,2,SMKN 2 SIDRAP,,,,0,0,-
452,19,1918,,,2,SMKN 3 SIDRAP,,,,0,0,-
453,19,1918,,,2,SMKN 4 SIDRAP,,,,0,0,-
454,19,1918,,,2,SMKN 5 SIDRAP,,,,0,0,-
455,19,1918,,,2,SMKN 6 SIDRAP,,,,0,0,-
456,19,1918,,,2,SMKN 7 SIDRAP,,,,0,0,-
457,19,1919,,,2,SMKN 1 ENREKANG,,,,0,0,-
458,19,1919,,,2,SMKN 2 ENREKANG,,,,0,0,-
459,19,1919,,,2,SMKN 3 ENREKANG,,,,0,0,-
460,19,1919,,,2,SMKN 4 ENREKANG,,,,0,0,-
461,19,1919,,,2,SMKN 5 ENREKANG,,,,0,0,-
462,19,1920,,,2,SMKN 1 LUWU                   ,,,,0,0,-
463,19,1920,,,2,SMKN 2 LUWU   ,,,,0,0,-
464,19,1920,,,2,SMKN 3 LUWU    ,,,,0,0,-
465,19,1920,,,2,SMKN 4 LUWU   ,,,,0,0,-
466,19,1920,,,2,SMKN 5 LUWU    ,,,,0,0,-
467,19,1920,,,2,SMKN 6 LUWU    ,,,,0,0,-
468,19,1920,,,2,SMKN 7 LUWU     ,,,,0,0,-
469,19,1920,,,2,SMKN 8 LUWU,,,,0,0,-
470,19,1920,,,2,SMKN 9 LUWU,,,,0,0,-
471,19,1920,,,2,SMKN 10 LUWU,,,,0,0,-
472,19,1920,,,2,SMKN 11 LUWU,,,,0,0,-
473,19,1920,,,2,SMKN 12 LUWU,,,,0,0,-
474,19,1920,,,2,SMKN 13 LUWU,,,,0,0,-
475,19,1921,,,2,SMKN 1 LUWU UTARA,,,,0,0,-
476,19,1921,,,2,SMKN 2 LUWU UTARA,,,,0,0,-
477,19,1921,,,2,SMKN 3 LUWU UTARA,,,,0,0,-
478,19,1921,,,2,SMKN 4 LUWU UTARA,,,,0,0,-
479,19,1921,,,2,SMKN 5 LUWU UTARA,,,,0,0,-
480,19,1921,,,2,SMKN 6 LUWU UTARA,,,,0,0,-
481,19,1921,,,2,SMKN 7 LUWU UTARA,,,,0,0,-
482,19,1921,,,2,SMKN 8 LUWU UTARA,,,,0,0,-
483,19,1922,,,2,SMKN 1 TANA TORAJA,,,,0,0,-
484,19,1922,,,2,SMKN 2 TANA TORAJA,,,,0,0,-
485,19,1922,,,2,SMKN 3 TANA TORAJA,,,,0,0,-
486,19,1922,,,2,SMKN 4 TANA TORAJA,,,,0,0,-
487,19,1923,,,2,SMKN 1 LUWU TIMUR      ,,,,0,0,-
488,19,1923,,,2,SMKN 2 LUWU TIMUR,,,,0,0,-
489,19,1924,,,2,SMKN 1 TORAJA UTARA,,,,0,0,-
490,19,1924,,,2,SMKN 2 TORAJA UTARA,,,,0,0,-
491,19,1924,,,2,SMKN 3 TORAJA UTARA,,,,0,0,-
492,19,1924,,,2,SMKN 4 TORAJA UTARA,,,,0,0,-
493,19,1924,,,2,SMKN 5 TORAJA UTARA,,,,0,0,-
494,19,1906,,,1,SMAN 22 GOWA ,,,,0,0,-
495,19,1922,,,1,SMAN 5 TANA TORAJA,,,,0,0,-
